date,expt,well,Cq,sample_name,type,bio_Rep,geno,relative_concentration,primer_no,primer_desc
2/3/23,1,B10,27.62633714,Bsub_only,dill_ser,1,Bsub,0.0001,p4401,Bs_mfd_upst
2/6/23,2,J02,28.10945832,Bsub_only,dill_ser,1,Bsub,0.0001,p4401,Bs_mfd_upst
2/7/23,3,B10,28.15273038,Bsub_only,dill_ser,1,Bsub,0.0001,p4401,Bs_mfd_upst
2/8/23,4,P05,27.83494941,Bsub_only,dill_ser,1,Bsub,0.0001,P4401,Bs_mfd_upst
2/10/23,5,L19,28.14162381,Bsub_only,dill_ser,1,Bsub,0.0001,P4401,Bs_mfd_upst
2/3/23,1,B08,23.95308349,Bsub_only,dill_ser,1,Bsub,0.001,p4401,Bs_mfd_upst
2/6/23,2,H02,24.19594829,Bsub_only,dill_ser,1,Bsub,0.001,p4401,Bs_mfd_upst
2/7/23,3,B08,24.20847044,Bsub_only,dill_ser,1,Bsub,0.001,p4401,Bs_mfd_upst
2/8/23,4,J05,24.11981012,Bsub_only,dill_ser,1,Bsub,0.001,P4401,Bs_mfd_upst
2/10/23,5,L17,24.66977996,Bsub_only,dill_ser,1,Bsub,0.001,P4401,Bs_mfd_upst
2/3/23,1,B06,20.99200517,Bsub_only,dill_ser,1,Bsub,0.01,p4401,Bs_mfd_upst
2/6/23,2,F02,21.30039651,Bsub_only,dill_ser,1,Bsub,0.01,p4401,Bs_mfd_upst
2/7/23,3,B06,21.3168582,Bsub_only,dill_ser,1,Bsub,0.01,p4401,Bs_mfd_upst
2/8/23,4,F05,21.22486561,Bsub_only,dill_ser,1,Bsub,0.01,P4401,Bs_mfd_upst
2/10/23,5,L16,21.58407909,Bsub_only,dill_ser,1,Bsub,0.01,P4401,Bs_mfd_upst
2/3/23,1,B04,16.96068831,Bsub_only,dill_ser,1,Bsub,0.1,p4401,Bs_mfd_upst
2/6/23,2,D02,17.1424219,Bsub_only,dill_ser,1,Bsub,0.1,p4401,Bs_mfd_upst
2/7/23,3,B04,17.47753709,Bsub_only,dill_ser,1,Bsub,0.1,p4401,Bs_mfd_upst
2/8/23,4,B05,17.09062646,Bsub_only,dill_ser,1,Bsub,0.1,P4401,Bs_mfd_upst
2/10/23,5,L14,17.28486059,Bsub_only,dill_ser,1,Bsub,0.1,P4401,Bs_mfd_upst
2/3/23,1,B02,14.12929211,Bsub_only,dill_ser,1,Bsub,1,p4401,Bs_mfd_upst
2/6/23,2,B02,14.19293182,Bsub_only,dill_ser,1,Bsub,1,p4401,Bs_mfd_upst
2/7/23,3,B02,14.12081014,Bsub_only,dill_ser,1,Bsub,1,p4401,Bs_mfd_upst
2/8/23,4,C05,13.87910765,Bsub_only,dill_ser,1,Bsub,1,P4401,Bs_mfd_upst
2/10/23,5,L12,13.85971699,Bsub_only,dill_ser,1,Bsub,1,P4401,Bs_mfd_upst
2/3/23,1,C10,27.24783952,Bsub_only,dill_ser,1,Bsub,0.0001,p4402,Bs_ybfM
2/6/23,2,J04,27.5784406,Bsub_only,dill_ser,1,Bsub,0.0001,p4402,Bs_ybfM
2/7/23,3,C10,27.79691387,Bsub_only,dill_ser,1,Bsub,0.0001,p4402,Bs_ybfM
2/8/23,4,P08,28.31540386,Bsub_only,dill_ser,1,Bsub,0.0001,P4402,Bs_ybfM
2/10/23,5,H19,28.5369852,Bsub_only,dill_ser,1,Bsub,0.0001,P4402,Bs_ybfM
2/3/23,1,C08,23.81098021,Bsub_only,dill_ser,1,Bsub,0.001,p4402,Bs_ybfM
2/6/23,2,H04,24.00778498,Bsub_only,dill_ser,1,Bsub,0.001,p4402,Bs_ybfM
2/7/23,3,C08,24.12212716,Bsub_only,dill_ser,1,Bsub,0.001,p4402,Bs_ybfM
2/8/23,4,J08,23.94026257,Bsub_only,dill_ser,1,Bsub,0.001,P4402,Bs_ybfM
2/10/23,5,H17,24.5785643,Bsub_only,dill_ser,1,Bsub,0.001,P4402,Bs_ybfM
2/3/23,1,C06,20.83823173,Bsub_only,dill_ser,1,Bsub,0.01,p4402,Bs_ybfM
2/6/23,2,F04,20.92445847,Bsub_only,dill_ser,1,Bsub,0.01,p4402,Bs_ybfM
2/7/23,3,C06,21.14278459,Bsub_only,dill_ser,1,Bsub,0.01,p4402,Bs_ybfM
2/8/23,4,F08,21.0032158,Bsub_only,dill_ser,1,Bsub,0.01,P4402,Bs_ybfM
2/10/23,5,H16,21.36949382,Bsub_only,dill_ser,1,Bsub,0.01,P4402,Bs_ybfM
2/3/23,1,C04,16.82256876,Bsub_only,dill_ser,1,Bsub,0.1,p4402,Bs_ybfM
2/6/23,2,D04,17.11142377,Bsub_only,dill_ser,1,Bsub,0.1,p4402,Bs_ybfM
2/7/23,3,C04,17.49517195,Bsub_only,dill_ser,1,Bsub,0.1,p4402,Bs_ybfM
2/8/23,4,B08,16.93807779,Bsub_only,dill_ser,1,Bsub,0.1,P4402,Bs_ybfM
2/10/23,5,H14,17.14837544,Bsub_only,dill_ser,1,Bsub,0.1,P4402,Bs_ybfM
2/3/23,1,C02,13.97899998,Bsub_only,dill_ser,1,Bsub,1,p4402,Bs_ybfM
2/6/23,2,B04,14.02318161,Bsub_only,dill_ser,1,Bsub,1,p4402,Bs_ybfM
2/7/23,3,C02,14.18418041,Bsub_only,dill_ser,1,Bsub,1,p4402,Bs_ybfM
2/8/23,4,C08,13.72417062,Bsub_only,dill_ser,1,Bsub,1,P4402,Bs_ybfM
2/10/23,5,H12,13.7806471,Bsub_only,dill_ser,1,Bsub,1,P4402,Bs_ybfM
2/3/23,1,D10,27.63242436,Bsub_only,dill_ser,1,Bsub,0.0001,p4403,Bs_aroK_upst
2/6/23,2,J06,28.04616078,Bsub_only,dill_ser,1,Bsub,0.0001,p4403,Bs_aroK_upst
2/7/23,3,D10,28.45734557,Bsub_only,dill_ser,1,Bsub,0.0001,p4403,Bs_aroK_upst
2/8/23,4,P01,29.98827237,Bsub_only,dill_ser,1,Bsub,0.0001,P4403,Bs_aroK_upst
2/10/23,5,G19,28.83736892,Bsub_only,dill_ser,1,Bsub,0.0001,P4403,Bs_aroK_upst
2/3/23,1,D08,24.2467984,Bsub_only,dill_ser,1,Bsub,0.001,p4403,Bs_aroK_upst
2/6/23,2,H06,24.54995482,Bsub_only,dill_ser,1,Bsub,0.001,p4403,Bs_aroK_upst
2/7/23,3,D08,24.60291546,Bsub_only,dill_ser,1,Bsub,0.001,p4403,Bs_aroK_upst
2/8/23,4,J01,25.33668839,Bsub_only,dill_ser,1,Bsub,0.001,P4403,Bs_aroK_upst
2/10/23,5,G17,24.84705834,Bsub_only,dill_ser,1,Bsub,0.001,P4403,Bs_aroK_upst
2/3/23,1,D06,21.26194738,Bsub_only,dill_ser,1,Bsub,0.01,p4403,Bs_aroK_upst
2/6/23,2,F06,21.65301742,Bsub_only,dill_ser,1,Bsub,0.01,p4403,Bs_aroK_upst
2/7/23,3,D06,21.42674808,Bsub_only,dill_ser,1,Bsub,0.01,p4403,Bs_aroK_upst
2/8/23,4,F01,21.86198053,Bsub_only,dill_ser,1,Bsub,0.01,P4403,Bs_aroK_upst
2/10/23,5,G16,21.74023183,Bsub_only,dill_ser,1,Bsub,0.01,P4403,Bs_aroK_upst
2/3/23,1,D04,17.1426627,Bsub_only,dill_ser,1,Bsub,0.1,p4403,Bs_aroK_upst
2/6/23,2,D06,17.67936044,Bsub_only,dill_ser,1,Bsub,0.1,p4403,Bs_aroK_upst
2/7/23,3,D04,17.71509878,Bsub_only,dill_ser,1,Bsub,0.1,p4403,Bs_aroK_upst
2/8/23,4,B01,18.56335319,Bsub_only,dill_ser,1,Bsub,0.1,P4403,Bs_aroK_upst
2/10/23,5,G14,17.62382183,Bsub_only,dill_ser,1,Bsub,0.1,P4403,Bs_aroK_upst
2/3/23,1,D02,14.4024578,Bsub_only,dill_ser,1,Bsub,1,p4403,Bs_aroK_upst
2/6/23,2,B06,14.62742561,Bsub_only,dill_ser,1,Bsub,1,p4403,Bs_aroK_upst
2/7/23,3,D02,14.41947698,Bsub_only,dill_ser,1,Bsub,1,p4403,Bs_aroK_upst
2/8/23,4,C01,14.68728548,Bsub_only,dill_ser,1,Bsub,1,P4403,Bs_aroK_upst
2/10/23,5,G12,14.06317236,Bsub_only,dill_ser,1,Bsub,1,P4403,Bs_aroK_upst
2/3/23,1,E10,27.94911262,Bsub_only,dill_ser,1,Bsub,0.0001,p4404,Bs_cspB_upst
2/6/23,2,J08,28.26595577,Bsub_only,dill_ser,1,Bsub,0.0001,p4404,Bs_cspB_upst
2/7/23,3,E10,28.54040336,Bsub_only,dill_ser,1,Bsub,0.0001,p4404,Bs_cspB_upst
2/8/23,4,P04,28.29913034,Bsub_only,dill_ser,1,Bsub,0.0001,P4404,Bs_cspB_upst
2/10/23,5,M19,28.77489611,Bsub_only,dill_ser,1,Bsub,0.0001,P4404,Bs_cspB_upst
2/3/23,1,E08,24.439306,Bsub_only,dill_ser,1,Bsub,0.001,p4404,Bs_cspB_upst
2/6/23,2,H08,24.60789445,Bsub_only,dill_ser,1,Bsub,0.001,p4404,Bs_cspB_upst
2/7/23,3,E08,24.58064387,Bsub_only,dill_ser,1,Bsub,0.001,p4404,Bs_cspB_upst
2/8/23,4,J04,24.58475193,Bsub_only,dill_ser,1,Bsub,0.001,P4404,Bs_cspB_upst
2/10/23,5,M17,24.8586405,Bsub_only,dill_ser,1,Bsub,0.001,P4404,Bs_cspB_upst
2/3/23,1,E06,21.44926631,Bsub_only,dill_ser,1,Bsub,0.01,p4404,Bs_cspB_upst
2/6/23,2,F08,21.70854797,Bsub_only,dill_ser,1,Bsub,0.01,p4404,Bs_cspB_upst
2/7/23,3,E06,21.6868446,Bsub_only,dill_ser,1,Bsub,0.01,p4404,Bs_cspB_upst
2/8/23,4,F04,21.63976222,Bsub_only,dill_ser,1,Bsub,0.01,P4404,Bs_cspB_upst
2/10/23,5,M16,21.83166437,Bsub_only,dill_ser,1,Bsub,0.01,P4404,Bs_cspB_upst
2/3/23,1,E04,17.41445213,Bsub_only,dill_ser,1,Bsub,0.1,p4404,Bs_cspB_upst
2/6/23,2,D08,17.74835083,Bsub_only,dill_ser,1,Bsub,0.1,p4404,Bs_cspB_upst
2/7/23,3,E04,17.76597365,Bsub_only,dill_ser,1,Bsub,0.1,p4404,Bs_cspB_upst
2/8/23,4,B04,17.63948392,Bsub_only,dill_ser,1,Bsub,0.1,P4404,Bs_cspB_upst
2/10/23,5,M14,17.67007306,Bsub_only,dill_ser,1,Bsub,0.1,P4404,Bs_cspB_upst
2/3/23,1,E02,14.29949507,Bsub_only,dill_ser,1,Bsub,1,p4404,Bs_cspB_upst
2/6/23,2,B08,14.53057008,Bsub_only,dill_ser,1,Bsub,1,p4404,Bs_cspB_upst
2/7/23,3,E02,14.5594943,Bsub_only,dill_ser,1,Bsub,1,p4404,Bs_cspB_upst
2/8/23,4,C04,14.24802646,Bsub_only,dill_ser,1,Bsub,1,P4404,Bs_cspB_upst
2/10/23,5,M12,14.31312573,Bsub_only,dill_ser,1,Bsub,1,P4404,Bs_cspB_upst
2/3/23,1,F10,26.84151462,Bsub_only,dill_ser,1,Bsub,0.0001,p4405,Bs_BraB_upst
2/6/23,2,J10,26.96000509,Bsub_only,dill_ser,1,Bsub,0.0001,p4405,Bs_BraB_upst
2/7/23,3,F10,27.5846098,Bsub_only,dill_ser,1,Bsub,0.0001,p4405,Bs_BraB_upst
2/8/23,4,P02,27.00979787,Bsub_only,dill_ser,1,Bsub,0.0001,P4405,Bs_BraB_upst
2/10/23,5,I19,28.65373329,Bsub_only,dill_ser,1,Bsub,0.0001,P4405,Bs_BraB_upst
2/3/23,1,F08,23.49635789,Bsub_only,dill_ser,1,Bsub,0.001,p4405,Bs_BraB_upst
2/6/23,2,H10,23.5289586,Bsub_only,dill_ser,1,Bsub,0.001,p4405,Bs_BraB_upst
2/7/23,3,F08,23.47243619,Bsub_only,dill_ser,1,Bsub,0.001,p4405,Bs_BraB_upst
2/8/23,4,J02,23.6380054,Bsub_only,dill_ser,1,Bsub,0.001,P4405,Bs_BraB_upst
2/10/23,5,I17,23.92416247,Bsub_only,dill_ser,1,Bsub,0.001,P4405,Bs_BraB_upst
2/3/23,1,F06,20.4057867,Bsub_only,dill_ser,1,Bsub,0.01,p4405,Bs_BraB_upst
2/6/23,2,F10,20.63594918,Bsub_only,dill_ser,1,Bsub,0.01,p4405,Bs_BraB_upst
2/7/23,3,F06,20.53764089,Bsub_only,dill_ser,1,Bsub,0.01,p4405,Bs_BraB_upst
2/8/23,4,F02,20.62054875,Bsub_only,dill_ser,1,Bsub,0.01,P4405,Bs_BraB_upst
2/10/23,5,I16,20.84126249,Bsub_only,dill_ser,1,Bsub,0.01,P4405,Bs_BraB_upst
2/3/23,1,F04,16.47705956,Bsub_only,dill_ser,1,Bsub,0.1,p4405,Bs_BraB_upst
2/6/23,2,D10,16.84073989,Bsub_only,dill_ser,1,Bsub,0.1,p4405,Bs_BraB_upst
2/7/23,3,F04,16.76084074,Bsub_only,dill_ser,1,Bsub,0.1,p4405,Bs_BraB_upst
2/8/23,4,B02,16.70199034,Bsub_only,dill_ser,1,Bsub,0.1,P4405,Bs_BraB_upst
2/10/23,5,I14,16.66194348,Bsub_only,dill_ser,1,Bsub,0.1,P4405,Bs_BraB_upst
2/3/23,1,F02,13.45594059,Bsub_only,dill_ser,1,Bsub,1,p4405,Bs_BraB_upst
2/6/23,2,B10,13.58935205,Bsub_only,dill_ser,1,Bsub,1,p4405,Bs_BraB_upst
2/7/23,3,F02,13.55027892,Bsub_only,dill_ser,1,Bsub,1,p4405,Bs_BraB_upst
2/8/23,4,C02,13.33922142,Bsub_only,dill_ser,1,Bsub,1,P4405,Bs_BraB_upst
2/10/23,5,I12,13.37636681,Bsub_only,dill_ser,1,Bsub,1,P4405,Bs_BraB_upst
2/3/23,1,G10,27.34034183,Bsub_only,dill_ser,1,Bsub,0.0001,p4406,Bs_bsrI_upst
2/6/23,2,J12,27.56084242,Bsub_only,dill_ser,1,Bsub,0.0001,p4406,Bs_bsrI_upst
2/7/23,3,G10,27.65628554,Bsub_only,dill_ser,1,Bsub,0.0001,p4406,Bs_bsrI_upst
2/8/23,4,P03,27.69829265,Bsub_only,dill_ser,1,Bsub,0.0001,P4406,Bs_bsrI_upst
2/10/23,5,K19,28.21953297,Bsub_only,dill_ser,1,Bsub,0.0001,P4406,Bs_bsrI_upst
2/3/23,1,G08,23.74221096,Bsub_only,dill_ser,1,Bsub,0.001,p4406,Bs_bsrI_upst
2/6/23,2,H12,23.99716719,Bsub_only,dill_ser,1,Bsub,0.001,p4406,Bs_bsrI_upst
2/7/23,3,G08,23.74625095,Bsub_only,dill_ser,1,Bsub,0.001,p4406,Bs_bsrI_upst
2/8/23,4,J03,23.93762768,Bsub_only,dill_ser,1,Bsub,0.001,P4406,Bs_bsrI_upst
2/10/23,5,K17,24.1215065,Bsub_only,dill_ser,1,Bsub,0.001,P4406,Bs_bsrI_upst
2/3/23,1,G06,20.79326054,Bsub_only,dill_ser,1,Bsub,0.01,p4406,Bs_bsrI_upst
2/6/23,2,F12,20.98860222,Bsub_only,dill_ser,1,Bsub,0.01,p4406,Bs_bsrI_upst
2/7/23,3,G06,20.84483226,Bsub_only,dill_ser,1,Bsub,0.01,p4406,Bs_bsrI_upst
2/8/23,4,F03,20.92812774,Bsub_only,dill_ser,1,Bsub,0.01,P4406,Bs_bsrI_upst
2/10/23,5,K16,21.03841633,Bsub_only,dill_ser,1,Bsub,0.01,P4406,Bs_bsrI_upst
2/3/23,1,G04,16.81211831,Bsub_only,dill_ser,1,Bsub,0.1,p4406,Bs_bsrI_upst
2/6/23,2,D12,17.20549727,Bsub_only,dill_ser,1,Bsub,0.1,p4406,Bs_bsrI_upst
2/7/23,3,G04,17.12901052,Bsub_only,dill_ser,1,Bsub,0.1,p4406,Bs_bsrI_upst
2/8/23,4,B03,16.97124169,Bsub_only,dill_ser,1,Bsub,0.1,P4406,Bs_bsrI_upst
2/10/23,5,K14,16.99396197,Bsub_only,dill_ser,1,Bsub,0.1,P4406,Bs_bsrI_upst
2/3/23,1,G02,13.92813359,Bsub_only,dill_ser,1,Bsub,1,p4406,Bs_bsrI_upst
2/6/23,2,B12,14.04468693,Bsub_only,dill_ser,1,Bsub,1,p4406,Bs_bsrI_upst
2/7/23,3,G02,13.88036483,Bsub_only,dill_ser,1,Bsub,1,p4406,Bs_bsrI_upst
2/8/23,4,C03,13.75409492,Bsub_only,dill_ser,1,Bsub,1,P4406,Bs_bsrI_upst
2/10/23,5,K12,13.68822062,Bsub_only,dill_ser,1,Bsub,1,P4406,Bs_bsrI_upst
2/3/23,1,H10,27.97573584,Bsub_only,dill_ser,1,Bsub,0.0001,p4407,Bs_sdpC_upst
2/6/23,2,J14,28.54893164,Bsub_only,dill_ser,1,Bsub,0.0001,p4407,Bs_sdpC_upst
2/7/23,3,H10,28.69250479,Bsub_only,dill_ser,1,Bsub,0.0001,p4407,Bs_sdpC_upst
2/8/23,4,P07,27.68795727,Bsub_only,dill_ser,1,Bsub,0.0001,P4407,Bs_sdpC_upst
2/10/23,5,F19,28.71314974,Bsub_only,dill_ser,1,Bsub,0.0001,P4407,Bs_sdpC_upst
2/3/23,1,H08,23.95645407,Bsub_only,dill_ser,1,Bsub,0.001,p4407,Bs_sdpC_upst
2/6/23,2,H14,24.32812387,Bsub_only,dill_ser,1,Bsub,0.001,p4407,Bs_sdpC_upst
2/7/23,3,H08,24.28718648,Bsub_only,dill_ser,1,Bsub,0.001,p4407,Bs_sdpC_upst
2/8/23,4,J07,24.27673872,Bsub_only,dill_ser,1,Bsub,0.001,P4407,Bs_sdpC_upst
2/10/23,5,F17,24.77828994,Bsub_only,dill_ser,1,Bsub,0.001,P4407,Bs_sdpC_upst
2/3/23,1,H06,21.42915842,Bsub_only,dill_ser,1,Bsub,0.01,p4407,Bs_sdpC_upst
2/6/23,2,F14,21.51778495,Bsub_only,dill_ser,1,Bsub,0.01,p4407,Bs_sdpC_upst
2/7/23,3,H06,21.62663776,Bsub_only,dill_ser,1,Bsub,0.01,p4407,Bs_sdpC_upst
2/8/23,4,F07,21.41034383,Bsub_only,dill_ser,1,Bsub,0.01,P4407,Bs_sdpC_upst
2/10/23,5,F16,21.77558802,Bsub_only,dill_ser,1,Bsub,0.01,P4407,Bs_sdpC_upst
2/3/23,1,H04,17.52574209,Bsub_only,dill_ser,1,Bsub,0.1,p4407,Bs_sdpC_upst
2/6/23,2,D14,17.84861627,Bsub_only,dill_ser,1,Bsub,0.1,p4407,Bs_sdpC_upst
2/7/23,3,H04,17.89071797,Bsub_only,dill_ser,1,Bsub,0.1,p4407,Bs_sdpC_upst
2/8/23,4,B07,17.57255639,Bsub_only,dill_ser,1,Bsub,0.1,P4407,Bs_sdpC_upst
2/10/23,5,F14,17.94677969,Bsub_only,dill_ser,1,Bsub,0.1,P4407,Bs_sdpC_upst
2/3/23,1,H02,14.34026426,Bsub_only,dill_ser,1,Bsub,1,p4407,Bs_sdpC_upst
2/6/23,2,B14,14.54845761,Bsub_only,dill_ser,1,Bsub,1,p4407,Bs_sdpC_upst
2/7/23,3,H02,14.38582023,Bsub_only,dill_ser,1,Bsub,1,p4407,Bs_sdpC_upst
2/8/23,4,C07,14.29160456,Bsub_only,dill_ser,1,Bsub,1,P4407,Bs_sdpC_upst
2/10/23,5,F12,14.42385629,Bsub_only,dill_ser,1,Bsub,1,P4407,Bs_sdpC_upst
2/3/23,1,I10,27.67653802,Bsub_only,dill_ser,1,Bsub,0.0001,p4408,Bs_pseudo
2/6/23,2,J03,28.2768886,Bsub_only,dill_ser,1,Bsub,0.0001,p4408,Bs_pseudo
2/7/23,3,I10,28.64946844,Bsub_only,dill_ser,1,Bsub,0.0001,p4408,Bs_pseudo
2/8/23,4,P06,28.65230353,Bsub_only,dill_ser,1,Bsub,0.0001,P4408,Bs_pseudo
2/10/23,5,B19,28.91304944,Bsub_only,dill_ser,1,Bsub,0.0001,P4408,Bs_pseudo
2/3/23,1,I08,24.27366434,Bsub_only,dill_ser,1,Bsub,0.001,p4408,Bs_pseudo
2/6/23,2,H03,24.57751115,Bsub_only,dill_ser,1,Bsub,0.001,p4408,Bs_pseudo
2/7/23,3,I08,24.55010663,Bsub_only,dill_ser,1,Bsub,0.001,p4408,Bs_pseudo
2/8/23,4,J06,24.66512143,Bsub_only,dill_ser,1,Bsub,0.001,P4408,Bs_pseudo
2/10/23,5,B17,24.98807328,Bsub_only,dill_ser,1,Bsub,0.001,P4408,Bs_pseudo
2/3/23,1,I06,21.52415144,Bsub_only,dill_ser,1,Bsub,0.01,p4408,Bs_pseudo
2/6/23,2,F03,21.74414258,Bsub_only,dill_ser,1,Bsub,0.01,p4408,Bs_pseudo
2/7/23,3,I06,21.64665904,Bsub_only,dill_ser,1,Bsub,0.01,p4408,Bs_pseudo
2/8/23,4,F06,21.6312076,Bsub_only,dill_ser,1,Bsub,0.01,P4408,Bs_pseudo
2/10/23,5,B16,21.80740193,Bsub_only,dill_ser,1,Bsub,0.01,P4408,Bs_pseudo
2/3/23,1,I04,17.58495289,Bsub_only,dill_ser,1,Bsub,0.1,p4408,Bs_pseudo
2/6/23,2,D03,17.8452343,Bsub_only,dill_ser,1,Bsub,0.1,p4408,Bs_pseudo
2/7/23,3,I04,17.84063026,Bsub_only,dill_ser,1,Bsub,0.1,p4408,Bs_pseudo
2/8/23,4,B06,17.65397959,Bsub_only,dill_ser,1,Bsub,0.1,P4408,Bs_pseudo
2/10/23,5,B14,17.88105877,Bsub_only,dill_ser,1,Bsub,0.1,P4408,Bs_pseudo
2/3/23,1,I02,14.60238811,Bsub_only,dill_ser,1,Bsub,1,p4408,Bs_pseudo
2/6/23,2,B03,14.66287448,Bsub_only,dill_ser,1,Bsub,1,p4408,Bs_pseudo
2/7/23,3,I02,14.66192348,Bsub_only,dill_ser,1,Bsub,1,p4408,Bs_pseudo
2/8/23,4,C06,14.38890564,Bsub_only,dill_ser,1,Bsub,1,P4408,Bs_pseudo
2/10/23,5,B12,14.64807664,Bsub_only,dill_ser,1,Bsub,1,P4408,Bs_pseudo
2/8/23,4,A09,33.2737087,CC_only,dill_ser,1,CC,0.00004,P4409,Cc_cdzI
2/8/23,4,N09,31.25577405,CC_only,dill_ser,1,CC,0.0001,P4409,Cc_cdzI
2/3/23,1,J17,33.07984929,CC_only,dill_ser,1,CC,0.0001,p4409,Cc_cdzI
2/6/23,2,E23,31.38274716,CC_only,dill_ser,1,CC,0.0001,P4409,Cc_cdzI
2/8/23,4,L09,27.6367577,CC_only,dill_ser,1,CC,0.001,P4409,Cc_cdzI
2/7/23,3,J01,28.69032994,CC_only,dill_ser,1,CC,0.001,p4409,Cc_cdzI
2/3/23,1,J15,27.46492543,CC_only,dill_ser,1,CC,0.001,p4409,Cc_cdzI
2/8/23,4,H09,24.87640223,CC_only,dill_ser,1,CC,0.01,P4409,Cc_cdzI
2/7/23,3,J16,24.68229476,CC_only,dill_ser,1,CC,0.01,p4409,Cc_cdzI
2/3/23,1,J13,24.40396214,CC_only,dill_ser,1,CC,0.01,p4409,Cc_cdzI
2/6/23,2,O05,24.85396989,CC_only,dill_ser,1,CC,0.01,P4409,Cc_cdzI
2/8/23,4,D09,21.44570283,CC_only,dill_ser,1,CC,0.1,P4409,Cc_cdzI
2/7/23,3,J14,21.36620236,CC_only,dill_ser,1,CC,0.1,p4409,Cc_cdzI
2/3/23,1,J11,21.02696871,CC_only,dill_ser,1,CC,0.1,p4409,Cc_cdzI
2/6/23,2,M05,21.17656701,CC_only,dill_ser,1,CC,0.1,P4409,Cc_cdzI
2/8/23,4,E09,17.89726613,CC_only,dill_ser,1,CC,1,P4409,Cc_cdzI
2/10/23,5,D22,32.9443991,CC_only,dill_ser,1,CC,0.0001,P4409,Cc_cdzI
2/10/23,5,D20,28.62599561,CC_only,dill_ser,1,CC,0.001,P4409,Cc_cdzI
2/10/23,5,D18,25.40694748,CC_only,dill_ser,1,CC,0.01,P4409,Cc_cdzI
2/10/23,5,D23,21.6287446,CC_only,dill_ser,1,CC,0.1,P4409,Cc_cdzI
2/10/23,5,D21,18.2048771,CC_only,dill_ser,1,CC,1,P4409,Cc_cdzI
2/3/23,1,K17,31.3470986,CC_only,dill_ser,1,CC,0.0001,p4410,Cc_upst_rplD
2/6/23,2,G23,32.11016635,CC_only,dill_ser,1,CC,0.0001,p4410,Cc_upst_rplD
2/7/23,3,K03,31.86650854,CC_only,dill_ser,1,CC,0.0001,p4410,Cc_upst_rplD
2/8/23,4,N12,32.94888682,CC_only,dill_ser,1,CC,0.0001,P4410,Cc_upst_rplD
2/10/23,5,C22,32.14463285,CC_only,dill_ser,1,CC,0.0001,P4410,Cc_upst_rplD
2/3/23,1,K15,27.82385197,CC_only,dill_ser,1,CC,0.001,p4410,Cc_upst_rplD
2/6/23,2,G15,28.21467448,CC_only,dill_ser,1,CC,0.001,p4410,Cc_upst_rplD
2/7/23,3,K01,28.46823632,CC_only,dill_ser,1,CC,0.001,p4410,Cc_upst_rplD
2/8/23,4,L12,28.50448585,CC_only,dill_ser,1,CC,0.001,P4410,Cc_upst_rplD
2/10/23,5,C20,28.73294086,CC_only,dill_ser,1,CC,0.001,P4410,Cc_upst_rplD
2/3/23,1,K13,24.71241387,CC_only,dill_ser,1,CC,0.01,p4410,Cc_upst_rplD
2/6/23,2,O07,24.96780603,CC_only,dill_ser,1,CC,0.01,p4410,Cc_upst_rplD
2/7/23,3,K16,24.75977728,CC_only,dill_ser,1,CC,0.01,p4410,Cc_upst_rplD
2/8/23,4,H12,24.84248186,CC_only,dill_ser,1,CC,0.01,P4410,Cc_upst_rplD
2/10/23,5,C18,25.16211991,CC_only,dill_ser,1,CC,0.01,P4410,Cc_upst_rplD
2/3/23,1,K11,21.4031338,CC_only,dill_ser,1,CC,0.1,p4410,Cc_upst_rplD
2/6/23,2,M07,21.57844234,CC_only,dill_ser,1,CC,0.1,p4410,Cc_upst_rplD
2/7/23,3,K14,21.36976313,CC_only,dill_ser,1,CC,0.1,p4410,Cc_upst_rplD
2/8/23,4,D12,21.41629791,CC_only,dill_ser,1,CC,0.1,P4410,Cc_upst_rplD
2/10/23,5,C23,21.54424565,CC_only,dill_ser,1,CC,0.1,P4410,Cc_upst_rplD
2/8/23,4,E12,17.89582884,CC_only,dill_ser,1,CC,1,P4410,Cc_upst_rplD
2/10/23,5,C21,18.22740332,CC_only,dill_ser,1,CC,1,P4410,Cc_upst_rplD
2/3/23,1,L17,29.79596859,CC_only,dill_ser,1,CC,0.0001,P4411,Cc_tRNAhis
2/6/23,2,I23,31.08608966,CC_only,dill_ser,1,CC,0.0001,P4411,Cc_tRNAhis
2/7/23,3,L03,31.08175121,CC_only,dill_ser,1,CC,0.0001,P4411,Cc_tRNAhis
2/8/23,4,N10,35.40007476,CC_only,dill_ser,1,CC,0.0001,P4411,Cc_tRNAhis
2/10/23,5,J22,32.87701809,CC_only,dill_ser,1,CC,0.0001,P4411,Cc_tRNAhis
2/3/23,1,L15,27.29914682,CC_only,dill_ser,1,CC,0.001,P4411,Cc_tRNAhis
2/6/23,2,I15,27.27307548,CC_only,dill_ser,1,CC,0.001,P4411,Cc_tRNAhis
2/7/23,3,L01,27.95681694,CC_only,dill_ser,1,CC,0.001,P4411,Cc_tRNAhis
2/8/23,4,L10,27.68173138,CC_only,dill_ser,1,CC,0.001,P4411,Cc_tRNAhis
2/10/23,5,J20,28.00607065,CC_only,dill_ser,1,CC,0.001,P4411,Cc_tRNAhis
2/3/23,1,L13,24.18305027,CC_only,dill_ser,1,CC,0.01,P4411,Cc_tRNAhis
2/6/23,2,O09,24.53944242,CC_only,dill_ser,1,CC,0.01,P4411,Cc_tRNAhis
2/7/23,3,L16,24.45793237,CC_only,dill_ser,1,CC,0.01,P4411,Cc_tRNAhis
2/8/23,4,H10,24.58313567,CC_only,dill_ser,1,CC,0.01,P4411,Cc_tRNAhis
2/10/23,5,J18,24.71144891,CC_only,dill_ser,1,CC,0.01,P4411,Cc_tRNAhis
2/3/23,1,L11,20.93536592,CC_only,dill_ser,1,CC,0.1,P4411,Cc_tRNAhis
2/6/23,2,M09,20.97009005,CC_only,dill_ser,1,CC,0.1,P4411,Cc_tRNAhis
2/7/23,3,L14,21.07639307,CC_only,dill_ser,1,CC,0.1,P4411,Cc_tRNAhis
2/8/23,4,D10,21.01225126,CC_only,dill_ser,1,CC,0.1,P4411,Cc_tRNAhis
2/10/23,5,J23,21.05258543,CC_only,dill_ser,1,CC,0.1,P4411,Cc_tRNAhis
2/8/23,4,E10,17.68945552,CC_only,dill_ser,1,CC,1,P4411,Cc_tRNAhis
2/10/23,5,J21,17.84768141,CC_only,dill_ser,1,CC,1,P4411,Cc_tRNAhis
2/3/23,1,M17,30.52681726,CC_only,dill_ser,1,CC,0.0001,P4412,Cc_unkn
2/6/23,2,K23,31.39557035,CC_only,dill_ser,1,CC,0.0001,P4412,Cc_unkn
2/7/23,3,M03,30.94167857,CC_only,dill_ser,1,CC,0.0001,P4412,Cc_unkn
2/8/23,4,N11,30.66041239,CC_only,dill_ser,1,CC,0.0001,P4412,Cc_unkn
2/10/23,5,N22,31.09290078,CC_only,dill_ser,1,CC,0.0001,P4412,Cc_unkn
2/3/23,1,M15,27.54572555,CC_only,dill_ser,1,CC,0.001,P4412,Cc_unkn
2/6/23,2,K15,27.57609464,CC_only,dill_ser,1,CC,0.001,P4412,Cc_unkn
2/7/23,3,M01,27.6815431,CC_only,dill_ser,1,CC,0.001,P4412,Cc_unkn
2/8/23,4,L11,27.68565863,CC_only,dill_ser,1,CC,0.001,P4412,Cc_unkn
2/10/23,5,N20,28.30646859,CC_only,dill_ser,1,CC,0.001,P4412,Cc_unkn
2/3/23,1,M13,24.13553546,CC_only,dill_ser,1,CC,0.01,P4412,Cc_unkn
2/6/23,2,O11,24.34945619,CC_only,dill_ser,1,CC,0.01,P4412,Cc_unkn
2/7/23,3,M16,24.34025723,CC_only,dill_ser,1,CC,0.01,P4412,Cc_unkn
2/8/23,4,H11,24.57031907,CC_only,dill_ser,1,CC,0.01,P4412,Cc_unkn
2/10/23,5,N18,24.84450048,CC_only,dill_ser,1,CC,0.01,P4412,Cc_unkn
2/3/23,1,M11,20.95182613,CC_only,dill_ser,1,CC,0.1,P4412,Cc_unkn
2/6/23,2,M11,21.0466551,CC_only,dill_ser,1,CC,0.1,P4412,Cc_unkn
2/7/23,3,M14,21.01675657,CC_only,dill_ser,1,CC,0.1,P4412,Cc_unkn
2/8/23,4,D11,21.06637864,CC_only,dill_ser,1,CC,0.1,P4412,Cc_unkn
2/10/23,5,N23,21.1791222,CC_only,dill_ser,1,CC,0.1,P4412,Cc_unkn
2/8/23,4,E11,17.76049558,CC_only,dill_ser,1,CC,1,P4412,Cc_unkn
2/10/23,5,N21,17.99710963,CC_only,dill_ser,1,CC,1,P4412,Cc_unkn
2/7/23,3,B15,26.98052674,E1_py_June1,extract,2,py79,1,p4401,Bs_mfd_upst
2/8/23,4,I05,26.84556433,E1_py_June1,extract,2,py79,1,P4401,Bs_mfd_upst
2/10/23,5,L03,27.01227061,E1_py_June1,extract,2,py79,1,P4401,Bs_mfd_upst
2/7/23,3,C15,27.21409398,E1_py_June1,extract,2,py79,1,p4402,Bs_ybfM
2/8/23,4,I08,27.59444011,E1_py_June1,extract,2,py79,1,P4402,Bs_ybfM
2/10/23,5,H03,27.51966531,E1_py_June1,extract,2,py79,1,P4402,Bs_ybfM
2/7/23,3,D15,27.7981959,E1_py_June1,extract,2,py79,1,p4403,Bs_aroK_upst
2/8/23,4,I01,27.98943878,E1_py_June1,extract,2,py79,1,P4403,Bs_aroK_upst
2/10/23,5,G03,27.83019769,E1_py_June1,extract,2,py79,1,P4403,Bs_aroK_upst
2/7/23,3,E15,17.9446976,E1_py_June1,extract,2,py79,1,p4404,Bs_cspB_upst
2/8/23,4,I04,17.81141962,E1_py_June1,extract,2,py79,1,P4404,Bs_cspB_upst
2/10/23,5,M03,17.95777743,E1_py_June1,extract,2,py79,1,P4404,Bs_cspB_upst
2/7/23,3,F15,20.68936189,E1_py_June1,extract,2,py79,1,p4405,Bs_BraB_upst
2/8/23,4,I02,20.67439708,E1_py_June1,extract,2,py79,1,P4405,Bs_BraB_upst
2/10/23,5,I03,20.88839777,E1_py_June1,extract,2,py79,1,P4405,Bs_BraB_upst
2/7/23,3,G15,25.52126099,E1_py_June1,extract,2,py79,1,p4406,Bs_bsrI_upst
2/8/23,4,I03,25.48715629,E1_py_June1,extract,2,py79,1,P4406,Bs_bsrI_upst
2/10/23,5,K03,25.53427877,E1_py_June1,extract,2,py79,1,P4406,Bs_bsrI_upst
2/7/23,3,H15,19.86589042,E1_py_June1,extract,2,py79,1,p4407,Bs_sdpC_upst
2/8/23,4,I07,19.86759929,E1_py_June1,extract,2,py79,1,P4407,Bs_sdpC_upst
2/10/23,5,F03,19.89046334,E1_py_June1,extract,2,py79,1,P4407,Bs_sdpC_upst
2/7/23,3,I15,20.6977757,E1_py_June1,extract,2,py79,1,p4408,Bs_pseudo
2/8/23,4,I06,20.62749009,E1_py_June1,extract,2,py79,1,P4408,Bs_pseudo
2/10/23,5,B03,20.91036064,E1_py_June1,extract,2,py79,1,P4408,Bs_pseudo
2/8/23,4,I09,30.82643514,E1_py_June1,extract,2,py79,1,P4409,Cc_cdzI
2/7/23,3,J15,33.09934592,E1_py_June1,extract,2,py79,1,p4409,Cc_cdzI
2/10/23,5,D03,35.38819785,E1_py_June1,extract,2,py79,1,P4409,Cc_cdzI
2/7/23,3,K15,31.76524507,E1_py_June1,extract,2,py79,1,p4410,Cc_upst_rplD
2/8/23,4,I12,32.17900406,E1_py_June1,extract,2,py79,1,P4410,Cc_upst_rplD
2/10/23,5,C03,31.67435183,E1_py_June1,extract,2,py79,1,P4410,Cc_upst_rplD
2/7/23,3,L15,30.07591148,E1_py_June1,extract,2,py79,1,P4411,Cc_tRNAhis
2/8/23,4,I10,30.48837927,E1_py_June1,extract,2,py79,1,P4411,Cc_tRNAhis
2/10/23,5,J03,30.66214752,E1_py_June1,extract,2,py79,1,P4411,Cc_tRNAhis
2/7/23,3,M15,28.93254798,E1_py_June1,extract,2,py79,1,P4412,Cc_unkn
2/8/23,4,I11,28.86236378,E1_py_June1,extract,2,py79,1,P4412,Cc_unkn
2/10/23,5,N03,29.17619102,E1_py_June1,extract,2,py79,1,P4412,Cc_unkn
2/7/23,3,B09,27.02384611,E1_py_May31,extract,1,py79,1,p4401,Bs_mfd_upst
2/8/23,4,G05,26.6003555,E1_py_May31,extract,1,py79,1,P4401,Bs_mfd_upst
2/10/23,5,L01,26.82105438,E1_py_May31,extract,1,py79,1,P4401,Bs_mfd_upst
2/7/23,3,C09,26.79575137,E1_py_May31,extract,1,py79,1,p4402,Bs_ybfM
2/8/23,4,G08,26.68792582,E1_py_May31,extract,1,py79,1,P4402,Bs_ybfM
2/10/23,5,H01,27.01007501,E1_py_May31,extract,1,py79,1,P4402,Bs_ybfM
2/7/23,3,D09,27.48008804,E1_py_May31,extract,1,py79,1,p4403,Bs_aroK_upst
2/8/23,4,G01,27.1225424,E1_py_May31,extract,1,py79,1,P4403,Bs_aroK_upst
2/10/23,5,G01,27.63688381,E1_py_May31,extract,1,py79,1,P4403,Bs_aroK_upst
2/7/23,3,E09,21.54850626,E1_py_May31,extract,1,py79,1,p4404,Bs_cspB_upst
2/8/23,4,G04,21.06577562,E1_py_May31,extract,1,py79,1,P4404,Bs_cspB_upst
2/10/23,5,M01,21.2033039,E1_py_May31,extract,1,py79,1,P4404,Bs_cspB_upst
2/7/23,3,F09,21.40396051,E1_py_May31,extract,1,py79,1,p4405,Bs_BraB_upst
2/8/23,4,G02,20.96168093,E1_py_May31,extract,1,py79,1,P4405,Bs_BraB_upst
2/10/23,5,I01,21.14017305,E1_py_May31,extract,1,py79,1,P4405,Bs_BraB_upst
2/7/23,3,G09,26.03612278,E1_py_May31,extract,1,py79,1,p4406,Bs_bsrI_upst
2/8/23,4,G03,25.70841527,E1_py_May31,extract,1,py79,1,P4406,Bs_bsrI_upst
2/10/23,5,K01,25.78741584,E1_py_May31,extract,1,py79,1,P4406,Bs_bsrI_upst
2/7/23,3,H09,20.85874254,E1_py_May31,extract,1,py79,1,p4407,Bs_sdpC_upst
2/8/23,4,G07,20.4319725,E1_py_May31,extract,1,py79,1,P4407,Bs_sdpC_upst
2/10/23,5,F01,20.45955014,E1_py_May31,extract,1,py79,1,P4407,Bs_sdpC_upst
2/7/23,3,I09,22.62360196,E1_py_May31,extract,1,py79,1,p4408,Bs_pseudo
2/8/23,4,G06,22.29581574,E1_py_May31,extract,1,py79,1,P4408,Bs_pseudo
2/10/23,5,B01,23.0195303,E1_py_May31,extract,1,py79,1,P4408,Bs_pseudo
2/8/23,4,G09,30.60043055,E1_py_May31,extract,1,py79,1,P4409,Cc_cdzI
2/7/23,3,J09,31.08951637,E1_py_May31,extract,1,py79,1,p4409,Cc_cdzI
2/10/23,5,D01,35.46862819,E1_py_May31,extract,1,py79,1,P4409,Cc_cdzI
2/7/23,3,K09,32.26242396,E1_py_May31,extract,1,py79,1,p4410,Cc_upst_rplD
2/8/23,4,G12,32.2078079,E1_py_May31,extract,1,py79,1,P4410,Cc_upst_rplD
2/10/23,5,C01,32.1618544,E1_py_May31,extract,1,py79,1,P4410,Cc_upst_rplD
2/7/23,3,L09,30.73295222,E1_py_May31,extract,1,py79,1,P4411,Cc_tRNAhis
2/8/23,4,G10,30.48964114,E1_py_May31,extract,1,py79,1,P4411,Cc_tRNAhis
2/10/23,5,J01,30.53945029,E1_py_May31,extract,1,py79,1,P4411,Cc_tRNAhis
2/7/23,3,M09,30.53524375,E1_py_May31,extract,1,py79,1,P4412,Cc_unkn
2/8/23,4,G11,29.87907587,E1_py_May31,extract,1,py79,1,P4412,Cc_unkn
2/10/23,5,N01,30.21442458,E1_py_May31,extract,1,py79,1,P4412,Cc_unkn
2/7/23,3,B17,24.51945873,E2_rnhB_June1,extract,2,rnhB,1,p4401,Bs_mfd_upst
2/8/23,4,M05,23.82086422,E2_rnhB_June1,extract,2,rnhB,1,P4401,Bs_mfd_upst
2/10/23,5,L07,23.82656986,E2_rnhB_June1,extract,2,rnhB,1,P4401,Bs_mfd_upst
2/7/23,3,C17,24.64053721,E2_rnhB_June1,extract,2,rnhB,1,p4402,Bs_ybfM
2/8/23,4,M08,24.06716955,E2_rnhB_June1,extract,2,rnhB,1,P4402,Bs_ybfM
2/10/23,5,H07,24.24261171,E2_rnhB_June1,extract,2,rnhB,1,P4402,Bs_ybfM
2/7/23,3,D17,24.62480478,E2_rnhB_June1,extract,2,rnhB,1,p4403,Bs_aroK_upst
2/8/23,4,M01,24.53623683,E2_rnhB_June1,extract,2,rnhB,1,P4403,Bs_aroK_upst
2/10/23,5,G07,24.30131888,E2_rnhB_June1,extract,2,rnhB,1,P4403,Bs_aroK_upst
2/7/23,3,E17,16.72662538,E2_rnhB_June1,extract,2,rnhB,1,p4404,Bs_cspB_upst
2/8/23,4,M04,16.16300053,E2_rnhB_June1,extract,2,rnhB,1,P4404,Bs_cspB_upst
2/10/23,5,M07,16.09163282,E2_rnhB_June1,extract,2,rnhB,1,P4404,Bs_cspB_upst
2/7/23,3,F17,17.48410022,E2_rnhB_June1,extract,2,rnhB,1,p4405,Bs_BraB_upst
2/8/23,4,M02,17.20383664,E2_rnhB_June1,extract,2,rnhB,1,P4405,Bs_BraB_upst
2/10/23,5,I07,17.12834218,E2_rnhB_June1,extract,2,rnhB,1,P4405,Bs_BraB_upst
2/7/23,3,G17,23.22043138,E2_rnhB_June1,extract,2,rnhB,1,p4406,Bs_bsrI_upst
2/8/23,4,M03,22.89418225,E2_rnhB_June1,extract,2,rnhB,1,P4406,Bs_bsrI_upst
2/10/23,5,K07,22.82530224,E2_rnhB_June1,extract,2,rnhB,1,P4406,Bs_bsrI_upst
2/7/23,3,H17,16.5950902,E2_rnhB_June1,extract,2,rnhB,1,p4407,Bs_sdpC_upst
2/8/23,4,M07,16.15934542,E2_rnhB_June1,extract,2,rnhB,1,P4407,Bs_sdpC_upst
2/10/23,5,F07,16.19731539,E2_rnhB_June1,extract,2,rnhB,1,P4407,Bs_sdpC_upst
2/7/23,3,I17,19.80221156,E2_rnhB_June1,extract,2,rnhB,1,p4408,Bs_pseudo
2/8/23,4,M06,19.58288715,E2_rnhB_June1,extract,2,rnhB,1,P4408,Bs_pseudo
2/10/23,5,B07,19.62318579,E2_rnhB_June1,extract,2,rnhB,1,P4408,Bs_pseudo
2/8/23,4,M09,27.31609741,E2_rnhB_June1,extract,2,rnhB,1,P4409,Cc_cdzI
2/7/23,3,J17,28.09000885,E2_rnhB_June1,extract,2,rnhB,1,p4409,Cc_cdzI
2/10/23,5,D07,28.29722039,E2_rnhB_June1,extract,2,rnhB,1,P4409,Cc_cdzI
2/7/23,3,K17,29.3091482,E2_rnhB_June1,extract,2,rnhB,1,p4410,Cc_upst_rplD
2/8/23,4,M12,28.59416419,E2_rnhB_June1,extract,2,rnhB,1,P4410,Cc_upst_rplD
2/10/23,5,C07,28.61237031,E2_rnhB_June1,extract,2,rnhB,1,P4410,Cc_upst_rplD
2/7/23,3,L17,28.10644591,E2_rnhB_June1,extract,2,rnhB,1,P4411,Cc_tRNAhis
2/8/23,4,M10,27.80150749,E2_rnhB_June1,extract,2,rnhB,1,P4411,Cc_tRNAhis
2/10/23,5,J07,27.71612823,E2_rnhB_June1,extract,2,rnhB,1,P4411,Cc_tRNAhis
2/7/23,3,M17,27.61281409,E2_rnhB_June1,extract,2,rnhB,1,P4412,Cc_unkn
2/8/23,4,M11,27.17402737,E2_rnhB_June1,extract,2,rnhB,1,P4412,Cc_unkn
2/10/23,5,N07,27.30167445,E2_rnhB_June1,extract,2,rnhB,1,P4412,Cc_unkn
2/7/23,3,B11,27.14496404,E2_rnhB_May31,extract,1,rnhB,1,p4401,Bs_mfd_upst
2/8/23,4,K05,26.79008817,E2_rnhB_May31,extract,1,rnhB,1,P4401,Bs_mfd_upst
2/10/23,5,L05,26.86410749,E2_rnhB_May31,extract,1,rnhB,1,P4401,Bs_mfd_upst
2/7/23,3,C11,27.65850929,E2_rnhB_May31,extract,1,rnhB,1,p4402,Bs_ybfM
2/8/23,4,K08,27.14104484,E2_rnhB_May31,extract,1,rnhB,1,P4402,Bs_ybfM
2/10/23,5,H05,27.27855477,E2_rnhB_May31,extract,1,rnhB,1,P4402,Bs_ybfM
2/7/23,3,D11,27.50793802,E2_rnhB_May31,extract,1,rnhB,1,p4403,Bs_aroK_upst
2/8/23,4,K01,27.79771843,E2_rnhB_May31,extract,1,rnhB,1,P4403,Bs_aroK_upst
2/10/23,5,G05,28.13629621,E2_rnhB_May31,extract,1,rnhB,1,P4403,Bs_aroK_upst
2/7/23,3,E11,20.95256716,E2_rnhB_May31,extract,1,rnhB,1,p4404,Bs_cspB_upst
2/8/23,4,K04,20.78818518,E2_rnhB_May31,extract,1,rnhB,1,P4404,Bs_cspB_upst
2/10/23,5,M05,20.84282284,E2_rnhB_May31,extract,1,rnhB,1,P4404,Bs_cspB_upst
2/7/23,3,F11,21.59741659,E2_rnhB_May31,extract,1,rnhB,1,p4405,Bs_BraB_upst
2/8/23,4,K02,21.54154064,E2_rnhB_May31,extract,1,rnhB,1,P4405,Bs_BraB_upst
2/10/23,5,I05,21.63891494,E2_rnhB_May31,extract,1,rnhB,1,P4405,Bs_BraB_upst
2/7/23,3,G11,25.89914206,E2_rnhB_May31,extract,1,rnhB,1,p4406,Bs_bsrI_upst
2/8/23,4,K03,25.84831096,E2_rnhB_May31,extract,1,rnhB,1,P4406,Bs_bsrI_upst
2/10/23,5,K05,25.79930992,E2_rnhB_May31,extract,1,rnhB,1,P4406,Bs_bsrI_upst
2/7/23,3,H11,20.77356975,E2_rnhB_May31,extract,1,rnhB,1,p4407,Bs_sdpC_upst
2/8/23,4,K07,20.71953014,E2_rnhB_May31,extract,1,rnhB,1,P4407,Bs_sdpC_upst
2/10/23,5,F05,20.75511986,E2_rnhB_May31,extract,1,rnhB,1,P4407,Bs_sdpC_upst
2/7/23,3,I11,22.60769222,E2_rnhB_May31,extract,1,rnhB,1,p4408,Bs_pseudo
2/8/23,4,K06,22.52157575,E2_rnhB_May31,extract,1,rnhB,1,P4408,Bs_pseudo
2/10/23,5,B05,22.68105096,E2_rnhB_May31,extract,1,rnhB,1,P4408,Bs_pseudo
2/8/23,4,K09,30.94169594,E2_rnhB_May31,extract,1,rnhB,1,P4409,Cc_cdzI
2/7/23,3,J11,31.63679787,E2_rnhB_May31,extract,1,rnhB,1,p4409,Cc_cdzI
2/10/23,5,D05,32.67228686,E2_rnhB_May31,extract,1,rnhB,1,P4409,Cc_cdzI
2/7/23,3,K11,31.71197645,E2_rnhB_May31,extract,1,rnhB,1,p4410,Cc_upst_rplD
2/8/23,4,K12,32.67697669,E2_rnhB_May31,extract,1,rnhB,1,P4410,Cc_upst_rplD
2/10/23,5,C05,31.51712493,E2_rnhB_May31,extract,1,rnhB,1,P4410,Cc_upst_rplD
2/7/23,3,L11,31.23067362,E2_rnhB_May31,extract,1,rnhB,1,P4411,Cc_tRNAhis
2/8/23,4,K10,31.80184289,E2_rnhB_May31,extract,1,rnhB,1,P4411,Cc_tRNAhis
2/10/23,5,J05,31.54086994,E2_rnhB_May31,extract,1,rnhB,1,P4411,Cc_tRNAhis
2/7/23,3,M11,30.83917744,E2_rnhB_May31,extract,1,rnhB,1,P4412,Cc_unkn
2/8/23,4,K11,30.21359423,E2_rnhB_May31,extract,1,rnhB,1,P4412,Cc_unkn
2/10/23,5,N05,31.27641879,E2_rnhB_May31,extract,1,rnhB,1,P4412,Cc_unkn
2/7/23,3,B19,27.26216022,E3_rnhC_June1,extract,2,rnhC,1,p4401,Bs_mfd_upst
2/8/23,4,B17,27.06518608,E3_rnhC_June1,extract,2,rnhC,1,P4401,Bs_mfd_upst
2/10/23,5,L11,26.73681606,E3_rnhC_June1,extract,2,rnhC,1,P4401,Bs_mfd_upst
2/7/23,3,C19,26.69561582,E3_rnhC_June1,extract,2,rnhC,1,p4402,Bs_ybfM
2/8/23,4,B20,26.88489887,E3_rnhC_June1,extract,2,rnhC,1,P4402,Bs_ybfM
2/10/23,5,H11,26.63491624,E3_rnhC_June1,extract,2,rnhC,1,P4402,Bs_ybfM
2/7/23,3,D19,28.19729469,E3_rnhC_June1,extract,2,rnhC,1,p4403,Bs_aroK_upst
2/8/23,4,B13,28.55049102,E3_rnhC_June1,extract,2,rnhC,1,P4403,Bs_aroK_upst
2/10/23,5,G11,29.02691183,E3_rnhC_June1,extract,2,rnhC,1,P4403,Bs_aroK_upst
2/7/23,3,E19,18.38634307,E3_rnhC_June1,extract,2,rnhC,1,p4404,Bs_cspB_upst
2/8/23,4,B16,18.20682359,E3_rnhC_June1,extract,2,rnhC,1,P4404,Bs_cspB_upst
2/10/23,5,M11,17.73217144,E3_rnhC_June1,extract,2,rnhC,1,P4404,Bs_cspB_upst
2/7/23,3,F19,23.47356155,E3_rnhC_June1,extract,2,rnhC,1,p4405,Bs_BraB_upst
2/8/23,4,B14,23.08184268,E3_rnhC_June1,extract,2,rnhC,1,P4405,Bs_BraB_upst
2/10/23,5,I11,23.00086755,E3_rnhC_June1,extract,2,rnhC,1,P4405,Bs_BraB_upst
2/7/23,3,G19,23.93925738,E3_rnhC_June1,extract,2,rnhC,1,p4406,Bs_bsrI_upst
2/8/23,4,B15,24.03155183,E3_rnhC_June1,extract,2,rnhC,1,P4406,Bs_bsrI_upst
2/10/23,5,K11,23.63519952,E3_rnhC_June1,extract,2,rnhC,1,P4406,Bs_bsrI_upst
2/7/23,3,H19,22.29716345,E3_rnhC_June1,extract,2,rnhC,1,p4407,Bs_sdpC_upst
2/8/23,4,B19,22.06435814,E3_rnhC_June1,extract,2,rnhC,1,P4407,Bs_sdpC_upst
2/10/23,5,F11,21.78663935,E3_rnhC_June1,extract,2,rnhC,1,P4407,Bs_sdpC_upst
2/7/23,3,I19,19.53285161,E3_rnhC_June1,extract,2,rnhC,1,p4408,Bs_pseudo
2/8/23,4,B18,19.50964579,E3_rnhC_June1,extract,2,rnhC,1,P4408,Bs_pseudo
2/10/23,5,B11,19.00870096,E3_rnhC_June1,extract,2,rnhC,1,P4408,Bs_pseudo
2/8/23,4,B21,30.93516036,E3_rnhC_June1,extract,2,rnhC,1,P4409,Cc_cdzI
2/7/23,3,J19,31.87308889,E3_rnhC_June1,extract,2,rnhC,1,p4409,Cc_cdzI
2/10/23,5,D11,30.64711864,E3_rnhC_June1,extract,2,rnhC,1,P4409,Cc_cdzI
2/7/23,3,K19,29.61420004,E3_rnhC_June1,extract,2,rnhC,1,p4410,Cc_upst_rplD
2/8/23,4,B24,29.38253683,E3_rnhC_June1,extract,2,rnhC,1,P4410,Cc_upst_rplD
2/10/23,5,C11,28.87472814,E3_rnhC_June1,extract,2,rnhC,1,P4410,Cc_upst_rplD
2/7/23,3,L19,28.68952374,E3_rnhC_June1,extract,2,rnhC,1,P4411,Cc_tRNAhis
2/8/23,4,B22,28.70614451,E3_rnhC_June1,extract,2,rnhC,1,P4411,Cc_tRNAhis
2/10/23,5,J11,28.07309556,E3_rnhC_June1,extract,2,rnhC,1,P4411,Cc_tRNAhis
2/7/23,3,M19,27.76048443,E3_rnhC_June1,extract,2,rnhC,1,P4412,Cc_unkn
2/8/23,4,B23,27.56890039,E3_rnhC_June1,extract,2,rnhC,1,P4412,Cc_unkn
2/10/23,5,N11,27.20094743,E3_rnhC_June1,extract,2,rnhC,1,P4412,Cc_unkn
2/7/23,3,P01,26.93689602,E3_rnhC_May31,extract,1,rnhC,1,p4401,Bs_mfd_upst
2/8/23,4,O05,26.70021636,E3_rnhC_May31,extract,1,rnhC,1,P4401,Bs_mfd_upst
2/10/23,5,L09,26.52886259,E3_rnhC_May31,extract,1,rnhC,1,P4401,Bs_mfd_upst
2/7/23,3,P02,27.00517273,E3_rnhC_May31,extract,1,rnhC,1,p4402,Bs_ybfM
2/8/23,4,O08,27.09567379,E3_rnhC_May31,extract,1,rnhC,1,P4402,Bs_ybfM
2/10/23,5,H09,26.50841445,E3_rnhC_May31,extract,1,rnhC,1,P4402,Bs_ybfM
2/7/23,3,P03,27.65695232,E3_rnhC_May31,extract,1,rnhC,1,p4403,Bs_aroK_upst
2/8/23,4,O01,27.65266472,E3_rnhC_May31,extract,1,rnhC,1,P4403,Bs_aroK_upst
2/10/23,5,G09,27.52008946,E3_rnhC_May31,extract,1,rnhC,1,P4403,Bs_aroK_upst
2/7/23,3,P04,18.72404614,E3_rnhC_May31,extract,1,rnhC,1,p4404,Bs_cspB_upst
2/8/23,4,O04,18.67553019,E3_rnhC_May31,extract,1,rnhC,1,P4404,Bs_cspB_upst
2/10/23,5,M09,18.4863023,E3_rnhC_May31,extract,1,rnhC,1,P4404,Bs_cspB_upst
2/7/23,3,P05,20.9826444,E3_rnhC_May31,extract,1,rnhC,1,p4405,Bs_BraB_upst
2/8/23,4,O02,21.18546882,E3_rnhC_May31,extract,1,rnhC,1,P4405,Bs_BraB_upst
2/10/23,5,I09,20.889551,E3_rnhC_May31,extract,1,rnhC,1,P4405,Bs_BraB_upst
2/7/23,3,P06,25.01601869,E3_rnhC_May31,extract,1,rnhC,1,p4406,Bs_bsrI_upst
2/8/23,4,O03,25.19852707,E3_rnhC_May31,extract,1,rnhC,1,P4406,Bs_bsrI_upst
2/10/23,5,K09,24.6907916,E3_rnhC_May31,extract,1,rnhC,1,P4406,Bs_bsrI_upst
2/7/23,3,P07,20.34244574,E3_rnhC_May31,extract,1,rnhC,1,p4407,Bs_sdpC_upst
2/8/23,4,O07,20.23218543,E3_rnhC_May31,extract,1,rnhC,1,P4407,Bs_sdpC_upst
2/10/23,5,F09,20.13566665,E3_rnhC_May31,extract,1,rnhC,1,P4407,Bs_sdpC_upst
2/7/23,3,P08,20.02661586,E3_rnhC_May31,extract,1,rnhC,1,p4408,Bs_pseudo
2/8/23,4,O06,20.11197463,E3_rnhC_May31,extract,1,rnhC,1,P4408,Bs_pseudo
2/10/23,5,B09,19.92195918,E3_rnhC_May31,extract,1,rnhC,1,P4408,Bs_pseudo
2/8/23,4,O09,31.66032735,E3_rnhC_May31,extract,1,rnhC,1,P4409,Cc_cdzI
2/7/23,3,P09,30.07784173,E3_rnhC_May31,extract,1,rnhC,1,p4409,Cc_cdzI
2/10/23,5,D09,31.01252188,E3_rnhC_May31,extract,1,rnhC,1,P4409,Cc_cdzI
2/7/23,3,P10,30.81907708,E3_rnhC_May31,extract,1,rnhC,1,p4410,Cc_upst_rplD
2/8/23,4,O12,30.56859212,E3_rnhC_May31,extract,1,rnhC,1,P4410,Cc_upst_rplD
2/10/23,5,C09,29.70055706,E3_rnhC_May31,extract,1,rnhC,1,P4410,Cc_upst_rplD
2/7/23,3,P11,28.70819452,E3_rnhC_May31,extract,1,rnhC,1,P4411,Cc_tRNAhis
2/8/23,4,O10,29.6430798,E3_rnhC_May31,extract,1,rnhC,1,P4411,Cc_tRNAhis
2/10/23,5,J09,28.72290669,E3_rnhC_May31,extract,1,rnhC,1,P4411,Cc_tRNAhis
2/7/23,3,P12,28.71415877,E3_rnhC_May31,extract,1,rnhC,1,P4412,Cc_unkn
2/8/23,4,O11,28.53891173,E3_rnhC_May31,extract,1,rnhC,1,P4412,Cc_unkn
2/10/23,5,N09,28.37536964,E3_rnhC_May31,extract,1,rnhC,1,P4412,Cc_unkn
2/7/23,3,B20,20.68980059,I1_py_June1,input,2,py79,0.01,p4401,Bs_mfd_upst
2/8/23,4,F17,20.70880896,I1_py_June1,input,2,py79,0.01,P4401,Bs_mfd_upst
2/10/23,5,L15,20.72380751,I1_py_June1,input,2,py79,0.01,P4401,Bs_mfd_upst
2/7/23,3,C20,20.64777904,I1_py_June1,input,2,py79,0.01,p4402,Bs_ybfM
2/8/23,4,F20,20.60293169,I1_py_June1,input,2,py79,0.01,P4402,Bs_ybfM
2/10/23,5,H15,20.73409801,I1_py_June1,input,2,py79,0.01,P4402,Bs_ybfM
2/7/23,3,D20,20.67278084,I1_py_June1,input,2,py79,0.01,p4403,Bs_aroK_upst
2/8/23,4,F13,20.79466343,I1_py_June1,input,2,py79,0.01,P4403,Bs_aroK_upst
2/10/23,5,G15,20.75317443,I1_py_June1,input,2,py79,0.01,P4403,Bs_aroK_upst
2/7/23,3,E20,21.26314307,I1_py_June1,input,2,py79,0.01,p4404,Bs_cspB_upst
2/8/23,4,F16,21.12469075,I1_py_June1,input,2,py79,0.01,P4404,Bs_cspB_upst
2/10/23,5,M15,21.20196812,I1_py_June1,input,2,py79,0.01,P4404,Bs_cspB_upst
2/7/23,3,F20,19.92479058,I1_py_June1,input,2,py79,0.01,p4405,Bs_BraB_upst
2/8/23,4,F14,20.0921159,I1_py_June1,input,2,py79,0.01,P4405,Bs_BraB_upst
2/10/23,5,I15,20.10633203,I1_py_June1,input,2,py79,0.01,P4405,Bs_BraB_upst
2/7/23,3,G20,20.71309506,I1_py_June1,input,2,py79,0.01,p4406,Bs_bsrI_upst
2/8/23,4,F15,20.79100787,I1_py_June1,input,2,py79,0.01,P4406,Bs_bsrI_upst
2/10/23,5,K15,20.78076328,I1_py_June1,input,2,py79,0.01,P4406,Bs_bsrI_upst
2/7/23,3,H20,20.68719968,I1_py_June1,input,2,py79,0.01,p4407,Bs_sdpC_upst
2/8/23,4,F19,20.55366141,I1_py_June1,input,2,py79,0.01,P4407,Bs_sdpC_upst
2/10/23,5,F15,20.71821997,I1_py_June1,input,2,py79,0.01,P4407,Bs_sdpC_upst
2/7/23,3,I20,20.86395027,I1_py_June1,input,2,py79,0.01,p4408,Bs_pseudo
2/8/23,4,F18,20.85738577,I1_py_June1,input,2,py79,0.01,P4408,Bs_pseudo
2/10/23,5,B15,21.05888857,I1_py_June1,input,2,py79,0.01,P4408,Bs_pseudo
2/8/23,4,F21,24.19766072,I1_py_June1,input,2,py79,0.01,P4409,Cc_cdzI
2/7/23,3,J20,24.22926429,I1_py_June1,input,2,py79,0.01,p4409,Cc_cdzI
2/10/23,5,D15,24.5025274,I1_py_June1,input,2,py79,0.01,P4409,Cc_cdzI
2/7/23,3,K20,25.81678015,I1_py_June1,input,2,py79,0.01,p4410,Cc_upst_rplD
2/8/23,4,F24,25.87015443,I1_py_June1,input,2,py79,0.01,P4410,Cc_upst_rplD
2/10/23,5,C15,26.08111537,I1_py_June1,input,2,py79,0.01,P4410,Cc_upst_rplD
2/7/23,3,L20,25.01487255,I1_py_June1,input,2,py79,0.01,P4411,Cc_tRNAhis
2/8/23,4,F22,25.0527738,I1_py_June1,input,2,py79,0.01,P4411,Cc_tRNAhis
2/10/23,5,J15,24.81941539,I1_py_June1,input,2,py79,0.01,P4411,Cc_tRNAhis
2/7/23,3,M20,25.67111673,I1_py_June1,input,2,py79,0.01,P4412,Cc_unkn
2/8/23,4,F23,25.57528369,I1_py_June1,input,2,py79,0.01,P4412,Cc_unkn
2/10/23,5,N15,25.64375227,I1_py_June1,input,2,py79,0.01,P4412,Cc_unkn
2/7/23,3,B21,20.70385436,I1_py_May31,input,1,py79,0.01,p4401,Bs_mfd_upst
2/8/23,4,D17,20.70334659,I1_py_May31,input,1,py79,0.01,P4401,Bs_mfd_upst
2/10/23,5,L13,20.68315535,I1_py_May31,input,1,py79,0.01,P4401,Bs_mfd_upst
2/7/23,3,C21,20.34635367,I1_py_May31,input,1,py79,0.01,p4402,Bs_ybfM
2/8/23,4,D20,20.6443287,I1_py_May31,input,1,py79,0.01,P4402,Bs_ybfM
2/10/23,5,H13,20.59264404,I1_py_May31,input,1,py79,0.01,P4402,Bs_ybfM
2/7/23,3,D21,20.54145251,I1_py_May31,input,1,py79,0.01,p4403,Bs_aroK_upst
2/8/23,4,D13,20.64177826,I1_py_May31,input,1,py79,0.01,P4403,Bs_aroK_upst
2/10/23,5,G13,20.73999438,I1_py_May31,input,1,py79,0.01,P4403,Bs_aroK_upst
2/7/23,3,E21,21.26323917,I1_py_May31,input,1,py79,0.01,p4404,Bs_cspB_upst
2/8/23,4,D16,21.34628937,I1_py_May31,input,1,py79,0.01,P4404,Bs_cspB_upst
2/10/23,5,M13,21.40008724,I1_py_May31,input,1,py79,0.01,P4404,Bs_cspB_upst
2/7/23,3,F21,20.01706425,I1_py_May31,input,1,py79,0.01,p4405,Bs_BraB_upst
2/8/23,4,D14,20.26575568,I1_py_May31,input,1,py79,0.01,P4405,Bs_BraB_upst
2/10/23,5,I13,20.41028705,I1_py_May31,input,1,py79,0.01,P4405,Bs_BraB_upst
2/7/23,3,G21,20.80452407,I1_py_May31,input,1,py79,0.01,p4406,Bs_bsrI_upst
2/8/23,4,D15,20.89892186,I1_py_May31,input,1,py79,0.01,P4406,Bs_bsrI_upst
2/10/23,5,K13,20.83061135,I1_py_May31,input,1,py79,0.01,P4406,Bs_bsrI_upst
2/7/23,3,H21,20.72378556,I1_py_May31,input,1,py79,0.01,p4407,Bs_sdpC_upst
2/8/23,4,D19,20.67071522,I1_py_May31,input,1,py79,0.01,P4407,Bs_sdpC_upst
2/10/23,5,F13,20.8007942,I1_py_May31,input,1,py79,0.01,P4407,Bs_sdpC_upst
2/7/23,3,I21,20.93627873,I1_py_May31,input,1,py79,0.01,p4408,Bs_pseudo
2/8/23,4,D18,21.04067077,I1_py_May31,input,1,py79,0.01,P4408,Bs_pseudo
2/10/23,5,B13,21.16678569,I1_py_May31,input,1,py79,0.01,P4408,Bs_pseudo
2/8/23,4,D21,24.18069126,I1_py_May31,input,1,py79,0.01,P4409,Cc_cdzI
2/7/23,3,J21,24.2870727,I1_py_May31,input,1,py79,0.01,p4409,Cc_cdzI
2/10/23,5,D13,24.67209152,I1_py_May31,input,1,py79,0.01,P4409,Cc_cdzI
2/7/23,3,K21,25.95863467,I1_py_May31,input,1,py79,0.01,p4410,Cc_upst_rplD
2/8/23,4,D24,25.99743142,I1_py_May31,input,1,py79,0.01,P4410,Cc_upst_rplD
2/10/23,5,C13,26.11624188,I1_py_May31,input,1,py79,0.01,P4410,Cc_upst_rplD
2/7/23,3,L21,24.91529921,I1_py_May31,input,1,py79,0.01,P4411,Cc_tRNAhis
2/8/23,4,D22,25.13225169,I1_py_May31,input,1,py79,0.01,P4411,Cc_tRNAhis
2/10/23,5,J13,25.15842623,I1_py_May31,input,1,py79,0.01,P4411,Cc_tRNAhis
2/7/23,3,M21,25.60321158,I1_py_May31,input,1,py79,0.01,P4412,Cc_unkn
2/10/23,5,N13,25.66690908,I1_py_May31,input,1,py79,0.01,P4412,Cc_unkn
2/7/23,3,B22,20.32385167,I2_rnhB_June1,input,2,rnhB,0.01,p4401,Bs_mfd_upst
2/8/23,4,C17,20.55984053,I2_rnhB_June1,input,2,rnhB,0.01,P4401,Bs_mfd_upst
2/10/23,5,L04,20.24992563,I2_rnhB_June1,input,2,rnhB,0.01,P4401,Bs_mfd_upst
2/7/23,3,C22,20.16218795,I2_rnhB_June1,input,2,rnhB,0.01,p4402,Bs_ybfM
2/8/23,4,C20,20.24780183,I2_rnhB_June1,input,2,rnhB,0.01,P4402,Bs_ybfM
2/10/23,5,H04,20.12272834,I2_rnhB_June1,input,2,rnhB,0.01,P4402,Bs_ybfM
2/7/23,3,D22,20.22134939,I2_rnhB_June1,input,2,rnhB,0.01,p4403,Bs_aroK_upst
2/8/23,4,C13,20.67017526,I2_rnhB_June1,input,2,rnhB,0.01,P4403,Bs_aroK_upst
2/7/23,3,E22,20.81316804,I2_rnhB_June1,input,2,rnhB,0.01,p4404,Bs_cspB_upst
2/8/23,4,C16,20.91974637,I2_rnhB_June1,input,2,rnhB,0.01,P4404,Bs_cspB_upst
2/7/23,3,F22,19.61476784,I2_rnhB_June1,input,2,rnhB,0.01,p4405,Bs_BraB_upst
2/8/23,4,C14,19.84835473,I2_rnhB_June1,input,2,rnhB,0.01,P4405,Bs_BraB_upst
2/7/23,3,G22,20.29282665,I2_rnhB_June1,input,2,rnhB,0.01,p4406,Bs_bsrI_upst
2/8/23,4,C15,20.67068395,I2_rnhB_June1,input,2,rnhB,0.01,P4406,Bs_bsrI_upst
2/7/23,3,H22,20.20423443,I2_rnhB_June1,input,2,rnhB,0.01,p4407,Bs_sdpC_upst
2/8/23,4,C19,20.38904688,I2_rnhB_June1,input,2,rnhB,0.01,P4407,Bs_sdpC_upst
2/10/23,5,F04,20.11471186,I2_rnhB_June1,input,2,rnhB,0.01,P4407,Bs_sdpC_upst
2/7/23,3,I22,20.42575866,I2_rnhB_June1,input,2,rnhB,0.01,p4408,Bs_pseudo
2/8/23,4,C18,20.61872174,I2_rnhB_June1,input,2,rnhB,0.01,P4408,Bs_pseudo
2/10/23,5,B04,20.51314939,I2_rnhB_June1,input,2,rnhB,0.01,P4408,Bs_pseudo
2/8/23,4,C21,24.04512088,I2_rnhB_June1,input,2,rnhB,0.01,P4409,Cc_cdzI
2/7/23,3,J22,23.93372741,I2_rnhB_June1,input,2,rnhB,0.01,p4409,Cc_cdzI
2/10/23,5,D04,24.20546242,I2_rnhB_June1,input,2,rnhB,0.01,P4409,Cc_cdzI
2/7/23,3,K22,25.70617204,I2_rnhB_June1,input,2,rnhB,0.01,p4410,Cc_upst_rplD
2/8/23,4,C24,25.77563318,I2_rnhB_June1,input,2,rnhB,0.01,P4410,Cc_upst_rplD
2/7/23,3,L22,24.67102337,I2_rnhB_June1,input,2,rnhB,0.01,P4411,Cc_tRNAhis
2/8/23,4,C22,24.78701574,I2_rnhB_June1,input,2,rnhB,0.01,P4411,Cc_tRNAhis
2/10/23,5,J04,24.51223433,I2_rnhB_June1,input,2,rnhB,0.01,P4411,Cc_tRNAhis
2/7/23,3,M22,25.48021459,I2_rnhB_June1,input,2,rnhB,0.01,P4412,Cc_unkn
2/8/23,4,C23,25.58606373,I2_rnhB_June1,input,2,rnhB,0.01,P4412,Cc_unkn
2/10/23,5,N04,25.24810003,I2_rnhB_June1,input,2,rnhB,0.01,P4412,Cc_unkn
2/7/23,3,B23,20.83953695,I2_rnhB_May31,input,1,rnhB,0.01,p4401,Bs_mfd_upst
2/8/23,4,H17,20.62838356,I2_rnhB_May31,input,1,rnhB,0.01,P4401,Bs_mfd_upst
2/10/23,5,L02,20.62861838,I2_rnhB_May31,input,1,rnhB,0.01,P4401,Bs_mfd_upst
2/7/23,3,C23,20.6284844,I2_rnhB_May31,input,1,rnhB,0.01,p4402,Bs_ybfM
2/8/23,4,H20,21.69389169,I2_rnhB_May31,input,1,rnhB,0.01,P4402,Bs_ybfM
2/10/23,5,H02,20.52386903,I2_rnhB_May31,input,1,rnhB,0.01,P4402,Bs_ybfM
2/7/23,3,D23,20.78527624,I2_rnhB_May31,input,1,rnhB,0.01,p4403,Bs_aroK_upst
2/8/23,4,H13,20.63497429,I2_rnhB_May31,input,1,rnhB,0.01,P4403,Bs_aroK_upst
2/10/23,5,G02,20.59298749,I2_rnhB_May31,input,1,rnhB,0.01,P4403,Bs_aroK_upst
2/7/23,3,E23,21.33926329,I2_rnhB_May31,input,1,rnhB,0.01,p4404,Bs_cspB_upst
2/8/23,4,H16,20.96010723,I2_rnhB_May31,input,1,rnhB,0.01,P4404,Bs_cspB_upst
2/10/23,5,M02,21.00574579,I2_rnhB_May31,input,1,rnhB,0.01,P4404,Bs_cspB_upst
2/7/23,3,F23,20.12250698,I2_rnhB_May31,input,1,rnhB,0.01,p4405,Bs_BraB_upst
2/8/23,4,H14,19.91843837,I2_rnhB_May31,input,1,rnhB,0.01,P4405,Bs_BraB_upst
2/10/23,5,I02,20.02030041,I2_rnhB_May31,input,1,rnhB,0.01,P4405,Bs_BraB_upst
2/7/23,3,G23,20.79000259,I2_rnhB_May31,input,1,rnhB,0.01,p4406,Bs_bsrI_upst
2/8/23,4,H15,20.63260119,I2_rnhB_May31,input,1,rnhB,0.01,P4406,Bs_bsrI_upst
2/10/23,5,K02,20.56490559,I2_rnhB_May31,input,1,rnhB,0.01,P4406,Bs_bsrI_upst
2/7/23,3,H23,20.87424445,I2_rnhB_May31,input,1,rnhB,0.01,p4407,Bs_sdpC_upst
2/8/23,4,H19,20.39279429,I2_rnhB_May31,input,1,rnhB,0.01,P4407,Bs_sdpC_upst
2/10/23,5,F02,20.40432761,I2_rnhB_May31,input,1,rnhB,0.01,P4407,Bs_sdpC_upst
2/7/23,3,I23,20.90314903,I2_rnhB_May31,input,1,rnhB,0.01,p4408,Bs_pseudo
2/8/23,4,H18,20.76243101,I2_rnhB_May31,input,1,rnhB,0.01,P4408,Bs_pseudo
2/10/23,5,B02,20.81214755,I2_rnhB_May31,input,1,rnhB,0.01,P4408,Bs_pseudo
2/8/23,4,H21,24.05325834,I2_rnhB_May31,input,1,rnhB,0.01,P4409,Cc_cdzI
2/7/23,3,J23,24.5358267,I2_rnhB_May31,input,1,rnhB,0.01,p4409,Cc_cdzI
2/10/23,5,D02,24.47536703,I2_rnhB_May31,input,1,rnhB,0.01,P4409,Cc_cdzI
2/7/23,3,K23,26.18939873,I2_rnhB_May31,input,1,rnhB,0.01,p4410,Cc_upst_rplD
2/8/23,4,H24,25.84565573,I2_rnhB_May31,input,1,rnhB,0.01,P4410,Cc_upst_rplD
2/10/23,5,C02,25.78903119,I2_rnhB_May31,input,2,rnhC,0.01,P4410,Cc_upst_rplD
2/7/23,3,L23,25.16375876,I2_rnhB_May31,input,1,rnhB,0.01,P4411,Cc_tRNAhis
2/8/23,4,H22,24.95097596,I2_rnhB_May31,input,1,rnhB,0.01,P4411,Cc_tRNAhis
2/10/23,5,J02,24.71889422,I2_rnhB_May31,input,1,rnhB,0.01,P4411,Cc_tRNAhis
2/7/23,3,M23,25.80570522,I2_rnhB_May31,input,1,rnhB,0.01,P4412,Cc_unkn
2/8/23,4,H23,25.48833831,I2_rnhB_May31,input,1,rnhB,0.01,P4412,Cc_unkn
2/10/23,5,N02,25.47466385,I2_rnhB_May31,input,1,rnhB,0.01,P4412,Cc_unkn
2/7/23,3,B24,20.38041036,I3_rnhC_June1,input,2,rnhC,0.01,p4401,Bs_mfd_upst
2/8/23,4,G17,20.71120042,I3_rnhC_June1,input,2,rnhC,0.01,P4401,Bs_mfd_upst
2/10/23,5,L08,20.55628162,I3_rnhC_June1,input,2,rnhC,0.01,P4401,Bs_mfd_upst
2/7/23,3,C24,20.20870778,I3_rnhC_June1,input,2,rnhC,0.01,p4402,Bs_ybfM
2/8/23,4,G20,20.33116962,I3_rnhC_June1,input,2,rnhC,0.01,P4402,Bs_ybfM
2/10/23,5,H08,20.41852431,I3_rnhC_June1,input,2,rnhC,0.01,P4402,Bs_ybfM
2/7/23,3,D24,20.31579345,I3_rnhC_June1,input,2,rnhC,0.01,p4403,Bs_aroK_upst
2/8/23,4,G13,20.62450838,I3_rnhC_June1,input,2,rnhC,0.01,P4403,Bs_aroK_upst
2/10/23,5,G08,20.63491876,I3_rnhC_June1,input,2,rnhC,0.01,P4403,Bs_aroK_upst
2/7/23,3,E24,20.80264093,I3_rnhC_June1,input,2,rnhC,0.01,p4404,Bs_cspB_upst
2/8/23,4,G16,20.9770913,I3_rnhC_June1,input,2,rnhC,0.01,P4404,Bs_cspB_upst
2/10/23,5,M08,20.83854493,I3_rnhC_June1,input,2,rnhC,0.01,P4404,Bs_cspB_upst
2/7/23,3,F24,19.66615384,I3_rnhC_June1,input,2,rnhC,0.01,p4405,Bs_BraB_upst
2/8/23,4,G14,20.01646847,I3_rnhC_June1,input,2,rnhC,0.01,P4405,Bs_BraB_upst
2/10/23,5,I08,20.02525415,I3_rnhC_June1,input,2,rnhC,0.01,P4405,Bs_BraB_upst
2/7/23,3,G24,20.53733426,I3_rnhC_June1,input,2,rnhC,0.01,p4406,Bs_bsrI_upst
2/8/23,4,G15,20.63301765,I3_rnhC_June1,input,2,rnhC,0.01,P4406,Bs_bsrI_upst
2/10/23,5,K08,20.60332471,I3_rnhC_June1,input,2,rnhC,0.01,P4406,Bs_bsrI_upst
2/7/23,3,H24,20.28908295,I3_rnhC_June1,input,2,rnhC,0.01,p4407,Bs_sdpC_upst
2/8/23,4,G19,20.59134151,I3_rnhC_June1,input,2,rnhC,0.01,P4407,Bs_sdpC_upst
2/10/23,5,F08,20.51643433,I3_rnhC_June1,input,2,rnhC,0.01,P4407,Bs_sdpC_upst
2/7/23,3,I24,20.59199562,I3_rnhC_June1,input,2,rnhC,0.01,p4408,Bs_pseudo
2/8/23,4,G18,20.72658099,I3_rnhC_June1,input,2,rnhC,0.01,P4408,Bs_pseudo
2/10/23,5,B08,20.68589592,I3_rnhC_June1,input,2,rnhC,0.01,P4408,Bs_pseudo
2/8/23,4,G21,24.1721652,I3_rnhC_June1,input,2,rnhC,0.01,P4409,Cc_cdzI
2/7/23,3,J24,24.09666206,I3_rnhC_June1,input,2,rnhC,0.01,p4409,Cc_cdzI
2/10/23,5,D08,24.59074846,I3_rnhC_June1,input,2,rnhC,0.01,P4409,Cc_cdzI
2/7/23,3,K24,25.6565523,I3_rnhC_June1,input,2,rnhC,0.01,p4410,Cc_upst_rplD
2/8/23,4,G24,25.8273985,I3_rnhC_June1,input,2,rnhC,0.01,P4410,Cc_upst_rplD
2/10/23,5,C08,25.74165217,I3_rnhC_June1,input,2,rnhC,0.01,P4410,Cc_upst_rplD
2/7/23,3,L24,24.77591748,I3_rnhC_June1,input,2,rnhC,0.01,P4411,Cc_tRNAhis
2/8/23,4,G22,24.87546722,I3_rnhC_June1,input,2,rnhC,0.01,P4411,Cc_tRNAhis
2/10/23,5,J08,24.6976814,I3_rnhC_June1,input,2,rnhC,0.01,P4411,Cc_tRNAhis
2/7/23,3,M24,25.25803897,I3_rnhC_June1,input,2,rnhC,0.01,P4412,Cc_unkn
2/8/23,4,G23,25.58782969,I3_rnhC_June1,input,2,rnhC,0.01,P4412,Cc_unkn
2/10/23,5,N08,25.54429479,I3_rnhC_June1,input,2,rnhC,0.01,P4412,Cc_unkn
2/7/23,3,B18,20.70561581,I3_rnhC_May31,input,1,rnhC,0.01,p4401,Bs_mfd_upst
2/8/23,4,E17,20.94163796,I3_rnhC_May31,input,1,rnhC,0.01,P4401,Bs_mfd_upst
2/10/23,5,L06,20.82524446,I3_rnhC_May31,input,1,rnhC,0.01,P4401,Bs_mfd_upst
2/7/23,3,C18,20.60736943,I3_rnhC_May31,input,1,rnhC,0.01,p4402,Bs_ybfM
2/8/23,4,E20,20.80699698,I3_rnhC_May31,input,1,rnhC,0.01,P4402,Bs_ybfM
2/10/23,5,H06,20.76553227,I3_rnhC_May31,input,1,rnhC,0.01,P4402,Bs_ybfM
2/7/23,3,D18,20.63188578,I3_rnhC_May31,input,1,rnhC,0.01,p4403,Bs_aroK_upst
2/8/23,4,E13,21.02451346,I3_rnhC_May31,input,1,rnhC,0.01,P4403,Bs_aroK_upst
2/10/23,5,G06,20.90029254,I3_rnhC_May31,input,1,rnhC,0.01,P4403,Bs_aroK_upst
2/7/23,3,E18,21.18152272,I3_rnhC_May31,input,1,rnhC,0.01,p4404,Bs_cspB_upst
2/8/23,4,E16,21.50817449,I3_rnhC_May31,input,1,rnhC,0.01,P4404,Bs_cspB_upst
2/10/23,5,M06,21.42988377,I3_rnhC_May31,input,1,rnhC,0.01,P4404,Bs_cspB_upst
2/7/23,3,F18,20.03590543,I3_rnhC_May31,input,1,rnhC,0.01,p4405,Bs_BraB_upst
2/8/23,4,E14,20.52536541,I3_rnhC_May31,input,1,rnhC,0.01,P4405,Bs_BraB_upst
2/10/23,5,I06,20.52329121,I3_rnhC_May31,input,1,rnhC,0.01,P4405,Bs_BraB_upst
2/7/23,3,G18,20.78912193,I3_rnhC_May31,input,1,rnhC,0.01,p4406,Bs_bsrI_upst
2/8/23,4,E15,21.1460634,I3_rnhC_May31,input,1,rnhC,0.01,P4406,Bs_bsrI_upst
2/10/23,5,K06,20.94114533,I3_rnhC_May31,input,1,rnhC,0.01,P4406,Bs_bsrI_upst
2/7/23,3,H18,20.79033007,I3_rnhC_May31,input,1,rnhC,0.01,p4407,Bs_sdpC_upst
2/8/23,4,E19,20.83093479,I3_rnhC_May31,input,1,rnhC,0.01,P4407,Bs_sdpC_upst
2/10/23,5,F06,20.84288466,I3_rnhC_May31,input,1,rnhC,0.01,P4407,Bs_sdpC_upst
2/7/23,3,I18,20.88269698,I3_rnhC_May31,input,1,rnhC,0.01,p4408,Bs_pseudo
2/8/23,4,E18,21.1223737,I3_rnhC_May31,input,1,rnhC,0.01,P4408,Bs_pseudo
2/10/23,5,B06,21.07921063,I3_rnhC_May31,input,1,rnhC,0.01,P4408,Bs_pseudo
2/8/23,4,E21,24.49444923,I3_rnhC_May31,input,1,rnhC,0.01,P4409,Cc_cdzI
2/7/23,3,J18,24.2710498,I3_rnhC_May31,input,1,rnhC,0.01,p4409,Cc_cdzI
2/10/23,5,D06,24.82764525,I3_rnhC_May31,input,1,rnhC,0.01,P4409,Cc_cdzI
2/7/23,3,K18,25.87519405,I3_rnhC_May31,input,1,rnhC,0.01,p4410,Cc_upst_rplD
2/8/23,4,E24,26.20585704,I3_rnhC_May31,input,1,rnhC,0.01,P4410,Cc_upst_rplD
2/10/23,5,C06,26.0182584,I3_rnhC_May31,input,1,rnhC,0.01,P4410,Cc_upst_rplD
2/7/23,3,L18,25.00312365,I3_rnhC_May31,input,1,rnhC,0.01,P4411,Cc_tRNAhis
2/8/23,4,E22,25.18945669,I3_rnhC_May31,input,1,rnhC,0.01,P4411,Cc_tRNAhis
2/10/23,5,J06,24.98684955,I3_rnhC_May31,input,1,rnhC,0.01,P4411,Cc_tRNAhis
2/7/23,3,M18,25.66376743,I3_rnhC_May31,input,1,rnhC,0.01,P4412,Cc_unkn
2/8/23,4,E23,25.74983224,I3_rnhC_May31,input,1,rnhC,0.01,P4412,Cc_unkn
2/10/23,5,N06,25.58707722,I3_rnhC_May31,input,1,rnhC,0.01,P4412,Cc_unkn